Variable,Key,Value,Comment
model_variation,,1,
neuron_model,,'EIF',
excitation_model,,'SIMPLE_E',
inhibition_model,,'SIMPLE_I_GABAB',
pc_neuron_model,,'EIF',
pc_excitation_model,,'SIMPLE_E',
pc_inhibition_model,,'SIMPLE_I_GABAB',
calcium_concentration,,2,
U_E,,0.5,
U_I,,0.25,
tau_d,,670*ms,
tau_f,,670*ms,
tau_fd,,140*ms,
U_f,,0.09,
background_rate,,0.3*Hz,
background_rate_inhibition,,0*Hz,
tonic_depol_level,,0.95,
J,,0.72*nS,
J_I,,0.43*nS,
k,,0.55,
k_I,,1.93,
flag_background_calcium_scaling,,1,
background_E_E_weight,,J,
background_E_I_weight,,J_I,
background_I_E_weight,,k*J,
background_I_I_weight,,k_I*J_I,
_weights,w_TC_E-E_connections,J,
,w_TC_E-I_connections,J_I,
,w_All_other_E-E_connections,J,
,w_All_other_E-I_connections,J_I,
,w_All_other_I-E_connections,k*J,
,w_All_I-I_connections,k_I*J_I,
delay_GLOBAL,,3.0*ms,
Ee_GLOBAL,,0*mV,
Ei_GLOBAL,,-75*mV,
tau_e_GLOBAL,,3.0*ms,
tau_i_GLOBAL,,8.3*ms,
scaling_nmda_GLOBAL,,0.4,
scaling_gabab_GLOBAL,,0.2,
E_nmda_GLOBAL,,0*mV,
E_gabab_GLOBAL,,-93*mV,
tau_decay_nmda_GLOBAL,,43*ms,
tau_decay_gabab_GLOBAL,,260*ms,
tau_rise_nmda_GLOBAL,,0.3*ms,
tau_rise_gabab_GLOBAL,,3.5*ms,
cw,cw_in_SS,_weights['w_TC_E-E_connections'],
,cw_in_PC,_weights['w_TC_E-E_connections'],
,cw_in_BC,_weights['w_TC_E-I_connections'],
,cw_in_L1i,_weights['w_TC_E-I_connections'],
,cw_SS_SS,_weights['w_All_other_E-E_connections'],
,cw_SS_PC,_weights['w_All_other_E-E_connections'],
,cw_SS_BC,_weights['w_All_other_E-I_connections'],
,cw_SS_MC,_weights['w_All_other_E-I_connections'],
,cw_SS_L1i,_weights['w_All_other_E-I_connections'],
,cw_PC_SS,_weights['w_All_other_E-E_connections'],
,cw_PC_PC,_weights['w_All_other_E-E_connections'],
,cw_PC_BC,_weights['w_All_other_E-I_connections'],
,cw_PC_MC,_weights['w_All_other_E-I_connections'],
,cw_PC_L1i,_weights['w_All_other_E-I_connections'],
,cw_BC_L1i,_weights['w_All_I-I_connections'],
,cw_BC_SS,_weights['w_All_other_I-E_connections'],
,cw_BC_PC,_weights['w_All_other_I-E_connections'],
,cw_BC_BC,_weights['w_All_I-I_connections'],
,cw_BC_MC,_weights['w_All_I-I_connections'],
,cw_MC_SS,_weights['w_All_other_I-E_connections'],
,cw_MC_PC,_weights['w_All_other_I-E_connections'],
,cw_MC_BC,_weights['w_All_I-I_connections'],
,cw_MC_MC,_weights['w_All_I-I_connections'],
,cw_MC_L1i,_weights['w_All_I-I_connections'],
,cw_L1i_SS,_weights['w_All_other_I-E_connections'],
,cw_L1i_BC,_weights['w_All_I-I_connections'],
,cw_L1i_MC,_weights['w_All_I-I_connections'],
,cw_L1i_PC,_weights['w_All_other_I-E_connections'],
,cw_L1i_L1i,_weights['w_All_I-I_connections'],
sp,sp_in_SS,0.8,
,sp_in_PC,0.1125,
,sp_in_BC,0.1125,
,sp_in_L1i,0.1125,
delay,delay_in_SS,delay_GLOBAL,
,delay_in_PC,delay_GLOBAL,
,delay_in_BC,delay_GLOBAL,
,delay_in_L1i,delay_GLOBAL,
,delay_SS_SS,delay_GLOBAL,
,delay_SS_PC,delay_GLOBAL,
,delay_SS_BC,delay_GLOBAL,
,delay_SS_MC,delay_GLOBAL,
,delay_SS_L1i,delay_GLOBAL,
,delay_PC_SS,delay_GLOBAL,
,delay_PC_PC,delay_GLOBAL,
,delay_PC_BC,delay_GLOBAL,
,delay_PC_MC,delay_GLOBAL,
,delay_PC_L1i,delay_GLOBAL,
,delay_BC_SS,delay_GLOBAL,
,delay_BC_PC,delay_GLOBAL,
,delay_BC_BC,delay_GLOBAL,
,delay_BC_MC,delay_GLOBAL,
,delay_BC_L1i,delay_GLOBAL,
,delay_MC_SS,delay_GLOBAL,
,delay_MC_PC,delay_GLOBAL,
,delay_MC_BC,delay_GLOBAL,
,delay_MC_MC,delay_GLOBAL,
,delay_MC_L1i,delay_GLOBAL,
,delay_L1i_SS,delay_GLOBAL,
,delay_L1i_PC,delay_GLOBAL,
,delay_L1i_BC,delay_GLOBAL,
,delay_L1i_MC,delay_GLOBAL,
,delay_L1i_L1i,delay_GLOBAL,
VPM,,,
L4_ChC,C,87.5416201727 * pF,
,gL,2.4024028823 * nS,
,taum_soma,C/gL,
,EL,-70.7599625 * mV,
,Vcut,20 * mV,
,VT,-54.6494614351 * mV,
,DeltaT,2 * mV,
,V_res,-69.083389217 * mV,
,rheobase,34.5 * pA,
,Area_tot_pyram,10182.8839448 * um**2,
,Ee,Ee_GLOBAL,
,Ei,Ei_GLOBAL,
,tau_e,tau_e_GLOBAL,
,tau_i,tau_i_GLOBAL,
,scaling_nmda,scaling_nmda_GLOBAL,
,scaling_gabab,scaling_gabab_GLOBAL,
,E_nmda,E_nmda_GLOBAL,
,E_gabab,E_gabab_GLOBAL,
,tau_decay_nmda,tau_decay_nmda_GLOBAL,
,tau_decay_gabab,tau_decay_gabab_GLOBAL,
,tau_rise_nmda,tau_rise_nmda_GLOBAL,
,tau_rise_gabab,tau_rise_gabab_GLOBAL,
,tonic_current,tonic_depol_level * rheobase,
,tau_tonic_rampup,50 * ms,
,V_init_min,EL,
,V_init_max,VT,
L4_LBC,C,75.1898230101 * pF,
,gL,3.872885596 * nS,
,taum_soma,C/gL,
,EL,-73.4548785246 * mV,
,Vcut,20 * mV,
,VT,-54.6879817054 * mV,
,DeltaT,2 * mV,
,V_res,-71.2854193242 * mV,
,rheobase,65.0 * pA,
,Area_tot_pyram,9585.26635278 * um**2,
,Ee,Ee_GLOBAL,
,Ei,Ei_GLOBAL,
,tau_e,tau_e_GLOBAL,
,tau_i,tau_i_GLOBAL,
,scaling_nmda,scaling_nmda_GLOBAL,
,scaling_gabab,scaling_gabab_GLOBAL,
,E_nmda,E_nmda_GLOBAL,
,E_gabab,E_gabab_GLOBAL,
,tau_decay_nmda,tau_decay_nmda_GLOBAL,
,tau_decay_gabab,tau_decay_gabab_GLOBAL,
,tau_rise_nmda,tau_rise_nmda_GLOBAL,
,tau_rise_gabab,tau_rise_gabab_GLOBAL,
,tonic_current,tonic_depol_level * rheobase,
,tau_tonic_rampup,50 * ms,
,V_init_min,EL,
,V_init_max,VT,
L4_NGC,C,94.7262646975 * pF,
,gL,2.7031969573 * nS,
,taum_soma,C/gL,
,EL,-70.7489 * mV,
,Vcut,20 * mV,
,VT,-54.083337641 * mV,
,DeltaT,2 * mV,
,V_res,-66.1865116849 * mV,
,rheobase,40.0 * pA,
,Area_tot_pyram,10117.4836437 * um**2,
,Ee,Ee_GLOBAL,
,Ei,Ei_GLOBAL,
,tau_e,tau_e_GLOBAL,
,tau_i,tau_i_GLOBAL,
,scaling_nmda,scaling_nmda_GLOBAL,
,scaling_gabab,scaling_gabab_GLOBAL,
,E_nmda,E_nmda_GLOBAL,
,E_gabab,E_gabab_GLOBAL,
,tau_decay_nmda,tau_decay_nmda_GLOBAL,
,tau_decay_gabab,tau_decay_gabab_GLOBAL,
,tau_rise_nmda,tau_rise_nmda_GLOBAL,
,tau_rise_gabab,tau_rise_gabab_GLOBAL,
,tonic_current,tonic_depol_level * rheobase,
,tau_tonic_rampup,50 * ms,
,V_init_min,EL,
,V_init_max,VT,
L4_SS,C,175.241333903 * pF,
,gL,4.7680685778 * nS,
,taum_soma,C/gL,
,EL,-73.66282 * mV,
,Vcut,20 * mV,
,VT,-55.6988618021 * mV,
,DeltaT,2 * mV,
,V_res,-67.7168273122 * mV,
,rheobase,76.5 * pA,
,Area_tot_pyram,10860.9984702 * um**2,
,Ee,Ee_GLOBAL,
,Ei,Ei_GLOBAL,
,tau_e,tau_e_GLOBAL,
,tau_i,tau_i_GLOBAL,
,scaling_nmda,scaling_nmda_GLOBAL,
,scaling_gabab,scaling_gabab_GLOBAL,
,E_nmda,E_nmda_GLOBAL,
,E_gabab,E_gabab_GLOBAL,
,tau_decay_nmda,tau_decay_nmda_GLOBAL,
,tau_decay_gabab,tau_decay_gabab_GLOBAL,
,tau_rise_nmda,tau_rise_nmda_GLOBAL,
,tau_rise_gabab,tau_rise_gabab_GLOBAL,
,tonic_current,tonic_depol_level * rheobase,
,tau_tonic_rampup,50 * ms,
,V_init_min,EL,
,V_init_max,VT,
L4_SBC,C,54.4448069003 * pF,
,gL,1.7903841855 * nS,
,taum_soma,C/gL,
,EL,-71.804876 * mV,
,Vcut,20 * mV,
,VT,-53.722274364 * mV,
,DeltaT,2 * mV,
,V_res,-74.0435733809 * mV,
,rheobase,29.0 * pA,
,Area_tot_pyram,6546.46393387 * um**2,
,Ee,Ee_GLOBAL,
,Ei,Ei_GLOBAL,
,tau_e,tau_e_GLOBAL,
,tau_i,tau_i_GLOBAL,
,scaling_nmda,scaling_nmda_GLOBAL,
,scaling_gabab,scaling_gabab_GLOBAL,
,E_nmda,E_nmda_GLOBAL,
,E_gabab,E_gabab_GLOBAL,
,tau_decay_nmda,tau_decay_nmda_GLOBAL,
,tau_decay_gabab,tau_decay_gabab_GLOBAL,
,tau_rise_nmda,tau_rise_nmda_GLOBAL,
,tau_rise_gabab,tau_rise_gabab_GLOBAL,
,tonic_current,tonic_depol_level * rheobase,
,tau_tonic_rampup,50 * ms,
,V_init_min,EL,
,V_init_max,VT,
L5_NGC,C,46.7065690079 * pF,
,gL,1.4875110497 * nS,
,taum_soma,C/gL,
,EL,-70.72689 * mV,
,Vcut,20 * mV,
,VT,-53.017489394 * mV,
,DeltaT,2 * mV,
,V_res,-71.7793172771 * mV,
,rheobase,23.5 * pA,
,Area_tot_pyram,5184.80794022 * um**2,
,Ee,Ee_GLOBAL,
,Ei,Ei_GLOBAL,
,tau_e,tau_e_GLOBAL,
,tau_i,tau_i_GLOBAL,
,scaling_nmda,scaling_nmda_GLOBAL,
,scaling_gabab,scaling_gabab_GLOBAL,
,E_nmda,E_nmda_GLOBAL,
,E_gabab,E_gabab_GLOBAL,
,tau_decay_nmda,tau_decay_nmda_GLOBAL,
,tau_decay_gabab,tau_decay_gabab_GLOBAL,
,tau_rise_nmda,tau_rise_nmda_GLOBAL,
,tau_rise_gabab,tau_rise_gabab_GLOBAL,
,tonic_current,tonic_depol_level * rheobase,
,tau_tonic_rampup,50 * ms,
,V_init_min,EL,
,V_init_max,VT,
L4_SP,Cm,1.0 * ufarad*cm**-2,
,Ra,"[100,100,150,150,150] * Mohm",
,spine_factor,2,
,gL,4.2e-05 * siemens*cm**-2,
,EL,-73.0276 * mV,
,Vcut,20 * mV,
,VT,-55.6253974878 * mV,
,DeltaT,2 * mV,
,V_res,-66.277098338 * mV,
,rheobase,107 * pA,
,Area_tot_pyram,10913.2817102669 * um**2,
,fract_areas,"{2: array([0.58, 0.052, 0.20, 0.15, 0.020])}",
,Ee,Ee_GLOBAL,
,Ei,Ei_GLOBAL,
,tau_e,tau_e_GLOBAL,
,tau_i,tau_i_GLOBAL,
,scaling_nmda,scaling_nmda_GLOBAL,
,scaling_gabab,scaling_gabab_GLOBAL,
,E_nmda,E_nmda_GLOBAL,
,E_gabab,E_gabab_GLOBAL,
,tau_decay_nmda,tau_decay_nmda_GLOBAL,
,tau_decay_gabab,tau_decay_gabab_GLOBAL,
,tau_rise_nmda,tau_rise_nmda_GLOBAL,
,tau_rise_gabab,tau_rise_gabab_GLOBAL,
,tonic_current,tonic_depol_level * rheobase,
,tau_tonic_rampup,50 * ms,
,V_init_min,EL,
,V_init_max,VT,
L6_TPC_L4,Cm,1.0 * ufarad*cm**-2,
,Ra,"[100,100,150,150,150] * Mohm",
,spine_factor,2,
,gL,4.2e-05 * siemens*cm**-2,
,EL,-71.86832 * mV,
,Vcut,20 * mV,
,VT,-50.83542786 * mV,
,DeltaT,2 * mV,
,V_res,-60.296892232 * mV,
,rheobase,113 * pA,
,Area_tot_pyram,15312.5040291722 * um**2,
,fract_areas,"{2: array([0.32, 0.032, 0.35, 0.29, 0.01])}",
,Ee,Ee_GLOBAL,
,Ei,Ei_GLOBAL,
,tau_e,tau_e_GLOBAL,
,tau_i,tau_i_GLOBAL,
,scaling_nmda,scaling_nmda_GLOBAL,
,scaling_gabab,scaling_gabab_GLOBAL,
,E_nmda,E_nmda_GLOBAL,
,E_gabab,E_gabab_GLOBAL,
,tau_decay_nmda,tau_decay_nmda_GLOBAL,
,tau_decay_gabab,tau_decay_gabab_GLOBAL,
,tau_rise_nmda,tau_rise_nmda_GLOBAL,
,tau_rise_gabab,tau_rise_gabab_GLOBAL,
,tonic_current,tonic_depol_level * rheobase,
,tau_tonic_rampup,50 * ms,
,V_init_min,EL,
,V_init_max,VT,
L5_DBC,C,104.60230332 * pF,
,gL,4.7055804202 * nS,
,taum_soma,C/gL,
,EL,-72.597148125 * mV,
,Vcut,20 * mV,
,VT,-54.742966325 * mV,
,DeltaT,2 * mV,
,V_res,-68.9296578456 * mV,
,rheobase,75.0 * pA,
,Area_tot_pyram,13399.1162982 * um**2,
,Ee,Ee_GLOBAL,
,Ei,Ei_GLOBAL,
,tau_e,tau_e_GLOBAL,
,tau_i,tau_i_GLOBAL,
,scaling_nmda,scaling_nmda_GLOBAL,
,scaling_gabab,scaling_gabab_GLOBAL,
,E_nmda,E_nmda_GLOBAL,
,E_gabab,E_gabab_GLOBAL,
,tau_decay_nmda,tau_decay_nmda_GLOBAL,
,tau_decay_gabab,tau_decay_gabab_GLOBAL,
,tau_rise_nmda,tau_rise_nmda_GLOBAL,
,tau_rise_gabab,tau_rise_gabab_GLOBAL,
,tonic_current,tonic_depol_level * rheobase,
,tau_tonic_rampup,50 * ms,
,V_init_min,EL,
,V_init_max,VT,
L6_TPC_L1,Cm,1.0 * ufarad*cm**-2,
,Ra,"[100,100,150,150,150] * Mohm",
,spine_factor,2,
,gL,4.2e-05 * siemens*cm**-2,
,EL,-72.34924 * mV,
,Vcut,20 * mV,
,VT,-51.420286665 * mV,
,DeltaT,2 * mV,
,V_res,-60.7708981379 * mV,
,rheobase,127.5 * pA,
,Area_tot_pyram,17889.2291258795 * um**2,
,fract_areas,"{3: array([0.30, 0.040, 0.40, 0.22, 0.036, 0.010])}",
,Ee,Ee_GLOBAL,
,Ei,Ei_GLOBAL,
,tau_e,tau_e_GLOBAL,
,tau_i,tau_i_GLOBAL,
,scaling_nmda,scaling_nmda_GLOBAL,
,scaling_gabab,scaling_gabab_GLOBAL,
,E_nmda,E_nmda_GLOBAL,
,E_gabab,E_gabab_GLOBAL,
,tau_decay_nmda,tau_decay_nmda_GLOBAL,
,tau_decay_gabab,tau_decay_gabab_GLOBAL,
,tau_rise_nmda,tau_rise_nmda_GLOBAL,
,tau_rise_gabab,tau_rise_gabab_GLOBAL,
,tonic_current,tonic_depol_level * rheobase,
,tau_tonic_rampup,50 * ms,
,tau_tonic_rampup,50 * ms,
,V_init_min,EL,
,V_init_min,EL,
,V_init_max,VT,
,V_init_max,VT,
L23_PC,Cm,1.0 * ufarad*cm**-2,
,Ra,"[100,100,150,150,150] * Mohm",
,spine_factor,2,
,gL,4.2e-05 * siemens*cm**-2,
,EL,-73.02252 * mV,
,Vcut,20 * mV,
,VT,-56.0189075289 * mV,
,DeltaT,2 * mV,
,V_res,-68.6706995855 * mV,
,rheobase,101 * pA,
,Area_tot_pyram,13254.5309394763 * um**2,
,fract_areas,"{1: array([0.50, 0.044, 0.35, 0.11])}",
,Ee,Ee_GLOBAL,
,Ei,Ei_GLOBAL,
,tau_e,tau_e_GLOBAL,
,tau_i,tau_i_GLOBAL,
,scaling_nmda,scaling_nmda_GLOBAL,
,scaling_gabab,scaling_gabab_GLOBAL,
,E_nmda,E_nmda_GLOBAL,
,E_gabab,E_gabab_GLOBAL,
,tau_decay_nmda,tau_decay_nmda_GLOBAL,
,tau_decay_gabab,tau_decay_gabab_GLOBAL,
,tau_rise_nmda,tau_rise_nmda_GLOBAL,
,tau_rise_gabab,tau_rise_gabab_GLOBAL,
,tonic_current,tonic_depol_level * rheobase,
,tau_tonic_rampup,50 * ms,
,V_init_min,EL,
,V_init_max,VT,
L4_BP,C,10.7596798657 * pF,
,gL,0.953329558 * nS,
,taum_soma,C/gL,
,EL,-71.22685 * mV,
,Vcut,20 * mV,
,VT,-56.8477596158 * mV,
,DeltaT,2 * mV,
,V_res,-81.5088010488 * mV,
,rheobase,12.0 * pA,
,Area_tot_pyram,2577.58044374 * um**2,
,Ee,Ee_GLOBAL,
,Ei,Ei_GLOBAL,
,tau_e,tau_e_GLOBAL,
,tau_i,tau_i_GLOBAL,
,scaling_nmda,scaling_nmda_GLOBAL,
,scaling_gabab,scaling_gabab_GLOBAL,
,E_nmda,E_nmda_GLOBAL,
,E_gabab,E_gabab_GLOBAL,
,tau_decay_nmda,tau_decay_nmda_GLOBAL,
,tau_decay_gabab,tau_decay_gabab_GLOBAL,
,tau_rise_nmda,tau_rise_nmda_GLOBAL,
,tau_rise_gabab,tau_rise_gabab_GLOBAL,
,tonic_current,tonic_depol_level * rheobase,
,tau_tonic_rampup,50 * ms,
,V_init_min,EL,
,V_init_max,VT,
L5_MC,C,83.7853591408 * pF,
,gL,2.9208898999 * nS,
,taum_soma,C/gL,
,EL,-71.2777297215 * mV,
,Vcut,20 * mV,
,VT,-55.4470258148 * mV,
,DeltaT,2 * mV,
,V_res,-71.8878932763 * mV,
,rheobase,40.5 * pA,
,Area_tot_pyram,10848.9444704 * um**2,
,Ee,Ee_GLOBAL,
,Ei,Ei_GLOBAL,
,tau_e,tau_e_GLOBAL,
,tau_i,tau_i_GLOBAL,
,scaling_nmda,scaling_nmda_GLOBAL,
,scaling_gabab,scaling_gabab_GLOBAL,
,E_nmda,E_nmda_GLOBAL,
,E_gabab,E_gabab_GLOBAL,
,tau_decay_nmda,tau_decay_nmda_GLOBAL,
,tau_decay_gabab,tau_decay_gabab_GLOBAL,
,tau_rise_nmda,tau_rise_nmda_GLOBAL,
,tau_rise_gabab,tau_rise_gabab_GLOBAL,
,tonic_current,tonic_depol_level * rheobase,
,tau_tonic_rampup,50 * ms,
,V_init_min,EL,
,V_init_max,VT,
L6_LBC,C,67.8536183957 * pF,
,gL,3.9827142681 * nS,
,taum_soma,C/gL,
,EL,-72.7813891145 * mV,
,Vcut,20 * mV,
,VT,-53.4786703229 * mV,
,DeltaT,2 * mV,
,V_res,-75.2019931908 * mV,
,rheobase,69.0 * pA,
,Area_tot_pyram,9572.59271814 * um**2,
,Ee,Ee_GLOBAL,
,Ei,Ei_GLOBAL,
,tau_e,tau_e_GLOBAL,
,tau_i,tau_i_GLOBAL,
,scaling_nmda,scaling_nmda_GLOBAL,
,scaling_gabab,scaling_gabab_GLOBAL,
,E_nmda,E_nmda_GLOBAL,
,E_gabab,E_gabab_GLOBAL,
,tau_decay_nmda,tau_decay_nmda_GLOBAL,
,tau_decay_gabab,tau_decay_gabab_GLOBAL,
,tau_rise_nmda,tau_rise_nmda_GLOBAL,
,tau_rise_gabab,tau_rise_gabab_GLOBAL,
,tonic_current,tonic_depol_level * rheobase,
,tau_tonic_rampup,50 * ms,
,V_init_min,EL,
,V_init_max,VT,
L4_NBC,C,77.5344840561 * pF,
,gL,2.72379601 * nS,
,taum_soma,C/gL,
,EL,-71.5201479167 * mV,
,Vcut,20 * mV,
,VT,-55.1401561364 * mV,
,DeltaT,2 * mV,
,V_res,-71.2072982744 * mV,
,rheobase,39.5 * pA,
,Area_tot_pyram,8964.53925083 * um**2,
,Ee,Ee_GLOBAL,
,Ei,Ei_GLOBAL,
,tau_e,tau_e_GLOBAL,
,tau_i,tau_i_GLOBAL,
,scaling_nmda,scaling_nmda_GLOBAL,
,scaling_gabab,scaling_gabab_GLOBAL,
,E_nmda,E_nmda_GLOBAL,
,E_gabab,E_gabab_GLOBAL,
,tau_decay_nmda,tau_decay_nmda_GLOBAL,
,tau_decay_gabab,tau_decay_gabab_GLOBAL,
,tau_rise_nmda,tau_rise_nmda_GLOBAL,
,tau_rise_gabab,tau_rise_gabab_GLOBAL,
,tonic_current,tonic_depol_level * rheobase,
,tau_tonic_rampup,50 * ms,
,V_init_min,EL,
,V_init_max,VT,
L1_DLAC,C,44.9273287681 * pF,
,gL,1.6613615992 * nS,
,taum_soma,C/gL,
,EL,-69.61802 * mV,
,Vcut,20 * mV,
,VT,-55.0765093721 * mV,
,DeltaT,2 * mV,
,V_res,-76.9005647188 * mV,
,rheobase,21.0 * pA,
,Area_tot_pyram,4957.66221853 * um**2,
,Ee,Ee_GLOBAL,
,Ei,Ei_GLOBAL,
,tau_e,tau_e_GLOBAL,
,tau_i,tau_i_GLOBAL,
,scaling_nmda,scaling_nmda_GLOBAL,
,scaling_gabab,scaling_gabab_GLOBAL,
,E_nmda,E_nmda_GLOBAL,
,E_gabab,E_gabab_GLOBAL,
,tau_decay_nmda,tau_decay_nmda_GLOBAL,
,tau_decay_gabab,tau_decay_gabab_GLOBAL,
,tau_rise_nmda,tau_rise_nmda_GLOBAL,
,tau_rise_gabab,tau_rise_gabab_GLOBAL,
,tonic_current,tonic_depol_level * rheobase,
,tau_tonic_rampup,50 * ms,
,V_init_min,EL,
,V_init_max,VT,
L23_LBC,C,61.8540283336 * pF,
,gL,2.2684810729 * nS,
,taum_soma,C/gL,
,EL,-72.3293653509 * mV,
,Vcut,20 * mV,
,VT,-55.2196535582 * mV,
,DeltaT,2 * mV,
,V_res,-72.9733519193 * mV,
,rheobase,34.5 * pA,
,Area_tot_pyram,7392.23961689 * um**2,
,Ee,Ee_GLOBAL,
,Ei,Ei_GLOBAL,
,tau_e,tau_e_GLOBAL,
,tau_i,tau_i_GLOBAL,
,scaling_nmda,scaling_nmda_GLOBAL,
,scaling_gabab,scaling_gabab_GLOBAL,
,E_nmda,E_nmda_GLOBAL,
,E_gabab,E_gabab_GLOBAL,
,tau_decay_nmda,tau_decay_nmda_GLOBAL,
,tau_decay_gabab,tau_decay_gabab_GLOBAL,
,tau_rise_nmda,tau_rise_nmda_GLOBAL,
,tau_rise_gabab,tau_rise_gabab_GLOBAL,
,tonic_current,tonic_depol_level * rheobase,
,tau_tonic_rampup,50 * ms,
,V_init_min,EL,
,V_init_max,VT,
L5_UTPC,Cm,1.0 * ufarad*cm**-2,
,Ra,"[100,100,150,150,150] * Mohm",
,spine_factor,2,
,gL,4.2e-05 * siemens*cm**-2,
,EL,-72.38278 * mV,
,Vcut,20 * mV,
,VT,-50.4488519285 * mV,
,DeltaT,2 * mV,
,V_res,-62.0322800631 * mV,
,rheobase,130.5 * pA,
,Area_tot_pyram,14377.9931512317 * um**2,
,fract_areas,"{2: array([0.41, 0.049, 0.34, 0.13, 0.081])}",
,Ee,Ee_GLOBAL,
,Ei,Ei_GLOBAL,
,tau_e,tau_e_GLOBAL,
,tau_i,tau_i_GLOBAL,
,scaling_nmda,scaling_nmda_GLOBAL,
,scaling_gabab,scaling_gabab_GLOBAL,
,E_nmda,E_nmda_GLOBAL,
,E_gabab,E_gabab_GLOBAL,
,tau_decay_nmda,tau_decay_nmda_GLOBAL,
,tau_decay_gabab,tau_decay_gabab_GLOBAL,
,tau_rise_nmda,tau_rise_nmda_GLOBAL,
,tau_rise_gabab,tau_rise_gabab_GLOBAL,
,tonic_current,tonic_depol_level * rheobase,
,tau_tonic_rampup,50 * ms,
,V_init_min,EL,
,V_init_max,VT,
L5_STPC,Cm,1.0 * ufarad*cm**-2,
,Ra,"[100,100,150,150,150] * Mohm",
,spine_factor,2,
,gL,4.2e-05 * siemens*cm**-2,
,EL,-71.98766 * mV,
,Vcut,20 * mV,
,VT,-53.0106823417 * mV,
,DeltaT,2 * mV,
,V_res,-63.2706132933 * mV,
,rheobase,148 * pA,
,Area_tot_pyram,22477.1027404774 * um**2,
,fract_areas,"{3: array([0.36, 0.050, 0.33, 0.083, 0.15, 0.029])}",
,Ee,Ee_GLOBAL,
,Ei,Ei_GLOBAL,
,tau_e,tau_e_GLOBAL,
,tau_i,tau_i_GLOBAL,
,scaling_nmda,scaling_nmda_GLOBAL,
,scaling_gabab,scaling_gabab_GLOBAL,
,E_nmda,E_nmda_GLOBAL,
,E_gabab,E_gabab_GLOBAL,
,tau_decay_nmda,tau_decay_nmda_GLOBAL,
,tau_decay_gabab,tau_decay_gabab_GLOBAL,
,tau_rise_nmda,tau_rise_nmda_GLOBAL,
,tau_rise_gabab,tau_rise_gabab_GLOBAL,
,tonic_current,tonic_depol_level * rheobase,
,tau_tonic_rampup,50 * ms,
,V_init_min,EL,
,V_init_max,VT,
L4_BTC,C,54.0271718392 * pF,
,gL,1.8274636798 * nS,
,taum_soma,C/gL,
,EL,-71.935195 * mV,
,Vcut,20 * mV,
,VT,-55.8891049266 * mV,
,DeltaT,2 * mV,
,V_res,-73.1442200728 * mV,
,rheobase,26.0 * pA,
,Area_tot_pyram,6534.28137958 * um**2,
,Ee,Ee_GLOBAL,
,Ei,Ei_GLOBAL,
,tau_e,tau_e_GLOBAL,
,tau_i,tau_i_GLOBAL,
,scaling_nmda,scaling_nmda_GLOBAL,
,scaling_gabab,scaling_gabab_GLOBAL,
,E_nmda,E_nmda_GLOBAL,
,E_gabab,E_gabab_GLOBAL,
,tau_decay_nmda,tau_decay_nmda_GLOBAL,
,tau_decay_gabab,tau_decay_gabab_GLOBAL,
,tau_rise_nmda,tau_rise_nmda_GLOBAL,
,tau_rise_gabab,tau_rise_gabab_GLOBAL,
,tonic_current,tonic_depol_level * rheobase,
,tau_tonic_rampup,50 * ms,
,V_init_min,EL,
,V_init_max,VT,
L23_NBC,C,75.5101473799 * pF,
,gL,2.5832500475 * nS,
,taum_soma,C/gL,
,EL,-71.8300056716 * mV,
,Vcut,20 * mV,
,VT,-55.5641685858 * mV,
,DeltaT,2 * mV,
,V_res,-71.2708486365 * mV,
,rheobase,37.0 * pA,
,Area_tot_pyram,8773.32747879 * um**2,
,Ee,Ee_GLOBAL,
,Ei,Ei_GLOBAL,
,tau_e,tau_e_GLOBAL,
,tau_i,tau_i_GLOBAL,
,scaling_nmda,scaling_nmda_GLOBAL,
,scaling_gabab,scaling_gabab_GLOBAL,
,E_nmda,E_nmda_GLOBAL,
,E_gabab,E_gabab_GLOBAL,
,tau_decay_nmda,tau_decay_nmda_GLOBAL,
,tau_decay_gabab,tau_decay_gabab_GLOBAL,
,tau_rise_nmda,tau_rise_nmda_GLOBAL,
,tau_rise_gabab,tau_rise_gabab_GLOBAL,
,tonic_current,tonic_depol_level * rheobase,
,tau_tonic_rampup,50 * ms,
,V_init_min,EL,
,V_init_max,VT,
L23_SBC,C,43.7192844069 * pF,
,gL,1.4776675752 * nS,
,taum_soma,C/gL,
,EL,-71.903413253 * mV,
,Vcut,20 * mV,
,VT,-54.7753934256 * mV,
,DeltaT,2 * mV,
,V_res,-74.9323197926 * mV,
,rheobase,22.5 * pA,
,Area_tot_pyram,5256.1494783 * um**2,
,Ee,Ee_GLOBAL,
,Ei,Ei_GLOBAL,
,tau_e,tau_e_GLOBAL,
,tau_i,tau_i_GLOBAL,
,scaling_nmda,scaling_nmda_GLOBAL,
,scaling_gabab,scaling_gabab_GLOBAL,
,E_nmda,E_nmda_GLOBAL,
,E_gabab,E_gabab_GLOBAL,
,tau_decay_nmda,tau_decay_nmda_GLOBAL,
,tau_decay_gabab,tau_decay_gabab_GLOBAL,
,tau_rise_nmda,tau_rise_nmda_GLOBAL,
,tau_rise_gabab,tau_rise_gabab_GLOBAL,
,tonic_current,tonic_depol_level * rheobase,
,tau_tonic_rampup,50 * ms,
,V_init_min,EL,
,V_init_max,VT,
L5_ChC,C,84.6198172852 * pF,
,gL,2.3416589896 * nS,
,taum_soma,C/gL,
,EL,-70.8557210526 * mV,
,Vcut,20 * mV,
,VT,-54.6166392422 * mV,
,DeltaT,2 * mV,
,V_res,-69.5641035525 * mV,
,rheobase,33.5 * pA,
,Area_tot_pyram,9826.28751511 * um**2,
,Ee,Ee_GLOBAL,
,Ei,Ei_GLOBAL,
,tau_e,tau_e_GLOBAL,
,tau_i,tau_i_GLOBAL,
,scaling_nmda,scaling_nmda_GLOBAL,
,scaling_gabab,scaling_gabab_GLOBAL,
,E_nmda,E_nmda_GLOBAL,
,E_gabab,E_gabab_GLOBAL,
,tau_decay_nmda,tau_decay_nmda_GLOBAL,
,tau_decay_gabab,tau_decay_gabab_GLOBAL,
,tau_rise_nmda,tau_rise_nmda_GLOBAL,
,tau_rise_gabab,tau_rise_gabab_GLOBAL,
,tonic_current,tonic_depol_level * rheobase,
,tau_tonic_rampup,50 * ms,
,V_init_min,EL,
,V_init_max,VT,
L1_NGCSA,C,33.5173510135 * pF,
,gL,1.5242652135 * nS,
,taum_soma,C/gL,
,EL,-69.83092 * mV,
,Vcut,20 * mV,
,VT,-55.6088394371 * mV,
,DeltaT,2 * mV,
,V_res,-79.1964926652 * mV,
,rheobase,19.0 * pA,
,Area_tot_pyram,3743.26091141 * um**2,
,Ee,Ee_GLOBAL,
,Ei,Ei_GLOBAL,
,tau_e,tau_e_GLOBAL,
,tau_i,tau_i_GLOBAL,
,scaling_nmda,scaling_nmda_GLOBAL,
,scaling_gabab,scaling_gabab_GLOBAL,
,E_nmda,E_nmda_GLOBAL,
,E_gabab,E_gabab_GLOBAL,
,tau_decay_nmda,tau_decay_nmda_GLOBAL,
,tau_decay_gabab,tau_decay_gabab_GLOBAL,
,tau_rise_nmda,tau_rise_nmda_GLOBAL,
,tau_rise_gabab,tau_rise_gabab_GLOBAL,
,tonic_current,tonic_depol_level * rheobase,
,tau_tonic_rampup,50 * ms,
,V_init_min,EL,
,V_init_max,VT,
L1_SLAC,C,41.5451950066 * pF,
,gL,1.3664420308 * nS,
,taum_soma,C/gL,
,EL,-70.6064390244 * mV,
,Vcut,20 * mV,
,VT,-54.4971771008 * mV,
,DeltaT,2 * mV,
,V_res,-76.9091124058 * mV,
,rheobase,19.5 * pA,
,Area_tot_pyram,4538.13061917 * um**2,
,Ee,Ee_GLOBAL,
,Ei,Ei_GLOBAL,
,tau_e,tau_e_GLOBAL,
,tau_i,tau_i_GLOBAL,
,scaling_nmda,scaling_nmda_GLOBAL,
,scaling_gabab,scaling_gabab_GLOBAL,
,E_nmda,E_nmda_GLOBAL,
,E_gabab,E_gabab_GLOBAL,
,tau_decay_nmda,tau_decay_nmda_GLOBAL,
,tau_decay_gabab,tau_decay_gabab_GLOBAL,
,tau_rise_nmda,tau_rise_nmda_GLOBAL,
,tau_rise_gabab,tau_rise_gabab_GLOBAL,
,tonic_current,tonic_depol_level * rheobase,
,tau_tonic_rampup,50 * ms,
,V_init_min,EL,
,V_init_max,VT,
L5_BTC,C,100.628995686 * pF,
,gL,2.0932795402 * nS,
,taum_soma,C/gL,
,EL,-69.8527713158 * mV,
,Vcut,20 * mV,
,VT,-55.4092096207 * mV,
,DeltaT,2 * mV,
,V_res,-69.1331604648 * mV,
,rheobase,26.5 * pA,
,Area_tot_pyram,12100.5337674 * um**2,
,Ee,Ee_GLOBAL,
,Ei,Ei_GLOBAL,
,tau_e,tau_e_GLOBAL,
,tau_i,tau_i_GLOBAL,
,scaling_nmda,scaling_nmda_GLOBAL,
,scaling_gabab,scaling_gabab_GLOBAL,
,E_nmda,E_nmda_GLOBAL,
,E_gabab,E_gabab_GLOBAL,
,tau_decay_nmda,tau_decay_nmda_GLOBAL,
,tau_decay_gabab,tau_decay_gabab_GLOBAL,
,tau_rise_nmda,tau_rise_nmda_GLOBAL,
,tau_rise_gabab,tau_rise_gabab_GLOBAL,
,tonic_current,tonic_depol_level * rheobase,
,tau_tonic_rampup,50 * ms,
,V_init_min,EL,
,V_init_max,VT,
L1_DAC,C,54.986072137 * pF,
,gL,1.8591562612 * nS,
,taum_soma,C/gL,
,EL,-69.8027810345 * mV,
,Vcut,20 * mV,
,VT,-55.4997563345 * mV,
,DeltaT,2 * mV,
,V_res,-72.2571691281 * mV,
,rheobase,23.0 * pA,
,Area_tot_pyram,6150.22077828 * um**2,
,Ee,Ee_GLOBAL,
,Ei,Ei_GLOBAL,
,tau_e,tau_e_GLOBAL,
,tau_i,tau_i_GLOBAL,
,scaling_nmda,scaling_nmda_GLOBAL,
,scaling_gabab,scaling_gabab_GLOBAL,
,E_nmda,E_nmda_GLOBAL,
,E_gabab,E_gabab_GLOBAL,
,tau_decay_nmda,tau_decay_nmda_GLOBAL,
,tau_decay_gabab,tau_decay_gabab_GLOBAL,
,tau_rise_nmda,tau_rise_nmda_GLOBAL,
,tau_rise_gabab,tau_rise_gabab_GLOBAL,
,tonic_current,tonic_depol_level * rheobase,
,tau_tonic_rampup,50 * ms,
,V_init_min,EL,
,V_init_max,VT,
L6_ChC,C,83.3413079604 * pF,
,gL,2.446675072 * nS,
,taum_soma,C/gL,
,EL,-70.87089 * mV,
,Vcut,20 * mV,
,VT,-53.9539970736 * mV,
,DeltaT,2 * mV,
,V_res,-71.284795308 * mV,
,rheobase,37.0 * pA,
,Area_tot_pyram,9813.19970875 * um**2,
,Ee,Ee_GLOBAL,
,Ei,Ei_GLOBAL,
,tau_e,tau_e_GLOBAL,
,tau_i,tau_i_GLOBAL,
,scaling_nmda,scaling_nmda_GLOBAL,
,scaling_gabab,scaling_gabab_GLOBAL,
,E_nmda,E_nmda_GLOBAL,
,E_gabab,E_gabab_GLOBAL,
,tau_decay_nmda,tau_decay_nmda_GLOBAL,
,tau_decay_gabab,tau_decay_gabab_GLOBAL,
,tau_rise_nmda,tau_rise_nmda_GLOBAL,
,tau_rise_gabab,tau_rise_gabab_GLOBAL,
,tonic_current,tonic_depol_level * rheobase,
,tau_tonic_rampup,50 * ms,
,V_init_min,EL,
,V_init_max,VT,
L4_MC,C,94.8071695368 * pF,
,gL,2.0295906845 * nS,
,taum_soma,C/gL,
,EL,-70.8507355932 * mV,
,Vcut,20 * mV,
,VT,-55.1073003625 * mV,
,DeltaT,2 * mV,
,V_res,-70.1381570992 * mV,
,rheobase,28.5 * pA,
,Area_tot_pyram,11347.6266446 * um**2,
,Ee,Ee_GLOBAL,
,Ei,Ei_GLOBAL,
,tau_e,tau_e_GLOBAL,
,tau_i,tau_i_GLOBAL,
,scaling_nmda,scaling_nmda_GLOBAL,
,scaling_gabab,scaling_gabab_GLOBAL,
,E_nmda,E_nmda_GLOBAL,
,E_gabab,E_gabab_GLOBAL,
,tau_decay_nmda,tau_decay_nmda_GLOBAL,
,tau_decay_gabab,tau_decay_gabab_GLOBAL,
,tau_rise_nmda,tau_rise_nmda_GLOBAL,
,tau_rise_gabab,tau_rise_gabab_GLOBAL,
,tonic_current,tonic_depol_level * rheobase,
,tau_tonic_rampup,50 * ms,
,V_init_min,EL,
,V_init_max,VT,
L5_BP,C,55.8423451204 * pF,
,gL,1.4895695947 * nS,
,taum_soma,C/gL,
,EL,-70.1540535294 * mV,
,Vcut,20 * mV,
,VT,-55.8677969278 * mV,
,DeltaT,2 * mV,
,V_res,-67.6119234436 * mV,
,rheobase,18.5 * pA,
,Area_tot_pyram,6301.05436679 * um**2,
,Ee,Ee_GLOBAL,
,Ei,Ei_GLOBAL,
,tau_e,tau_e_GLOBAL,
,tau_i,tau_i_GLOBAL,
,scaling_nmda,scaling_nmda_GLOBAL,
,scaling_gabab,scaling_gabab_GLOBAL,
,E_nmda,E_nmda_GLOBAL,
,E_gabab,E_gabab_GLOBAL,
,tau_decay_nmda,tau_decay_nmda_GLOBAL,
,tau_decay_gabab,tau_decay_gabab_GLOBAL,
,tau_rise_nmda,tau_rise_nmda_GLOBAL,
,tau_rise_gabab,tau_rise_gabab_GLOBAL,
,tonic_current,tonic_depol_level * rheobase,
,tau_tonic_rampup,50 * ms,
,V_init_min,EL,
,V_init_max,VT,
L5_LBC,C,63.8652983173 * pF,
,gL,3.4484870684 * nS,
,taum_soma,C/gL,
,EL,-73.1697461905 * mV,
,Vcut,20 * mV,
,VT,-54.7509212738 * mV,
,DeltaT,2 * mV,
,V_res,-75.2441967389 * mV,
,rheobase,57.0 * pA,
,Area_tot_pyram,8884.82849958 * um**2,
,Ee,Ee_GLOBAL,
,Ei,Ei_GLOBAL,
,tau_e,tau_e_GLOBAL,
,tau_i,tau_i_GLOBAL,
,scaling_nmda,scaling_nmda_GLOBAL,
,scaling_gabab,scaling_gabab_GLOBAL,
,E_nmda,E_nmda_GLOBAL,
,E_gabab,E_gabab_GLOBAL,
,tau_decay_nmda,tau_decay_nmda_GLOBAL,
,tau_decay_gabab,tau_decay_gabab_GLOBAL,
,tau_rise_nmda,tau_rise_nmda_GLOBAL,
,tau_rise_gabab,tau_rise_gabab_GLOBAL,
,tonic_current,tonic_depol_level * rheobase,
,tau_tonic_rampup,50 * ms,
,V_init_min,EL,
,V_init_max,VT,
L6_NGC,C,46.217255474 * pF,
,gL,1.477114928 * nS,
,taum_soma,C/gL,
,EL,-70.6519364706 * mV,
,Vcut,20 * mV,
,VT,-52.9987266706 * mV,
,DeltaT,2 * mV,
,V_res,-72.0160938986 * mV,
,rheobase,23.5 * pA,
,Area_tot_pyram,5134.47853061 * um**2,
,Ee,Ee_GLOBAL,
,Ei,Ei_GLOBAL,
,tau_e,tau_e_GLOBAL,
,tau_i,tau_i_GLOBAL,
,scaling_nmda,scaling_nmda_GLOBAL,
,scaling_gabab,scaling_gabab_GLOBAL,
,E_nmda,E_nmda_GLOBAL,
,E_gabab,E_gabab_GLOBAL,
,tau_decay_nmda,tau_decay_nmda_GLOBAL,
,tau_decay_gabab,tau_decay_gabab_GLOBAL,
,tau_rise_nmda,tau_rise_nmda_GLOBAL,
,tau_rise_gabab,tau_rise_gabab_GLOBAL,
,tonic_current,tonic_depol_level * rheobase,
,tau_tonic_rampup,50 * ms,
,V_init_min,EL,
,V_init_max,VT,
L4_DBC,C,66.0297819559 * pF,
,gL,3.3728016153 * nS,
,taum_soma,C/gL,
,EL,-73.088356 * mV,
,Vcut,20 * mV,
,VT,-55.2580062713 * mV,
,DeltaT,2 * mV,
,V_res,-75.1841229835 * mV,
,rheobase,53.5 * pA,
,Area_tot_pyram,9455.55084892 * um**2,
,Ee,Ee_GLOBAL,
,Ei,Ei_GLOBAL,
,tau_e,tau_e_GLOBAL,
,tau_i,tau_i_GLOBAL,
,scaling_nmda,scaling_nmda_GLOBAL,
,scaling_gabab,scaling_gabab_GLOBAL,
,E_nmda,E_nmda_GLOBAL,
,E_gabab,E_gabab_GLOBAL,
,tau_decay_nmda,tau_decay_nmda_GLOBAL,
,tau_decay_gabab,tau_decay_gabab_GLOBAL,
,tau_rise_nmda,tau_rise_nmda_GLOBAL,
,tau_rise_gabab,tau_rise_gabab_GLOBAL,
,tonic_current,tonic_depol_level * rheobase,
,tau_tonic_rampup,50 * ms,
,V_init_min,EL,
,V_init_max,VT,
L5_SBC,C,70.6508683246 * pF,
,gL,2.3990857857 * nS,
,taum_soma,C/gL,
,EL,-71.848468 * mV,
,Vcut,20 * mV,
,VT,-55.5689438772 * mV,
,DeltaT,2 * mV,
,V_res,-71.4348712726 * mV,
,rheobase,34.5 * pA,
,Area_tot_pyram,8688.89763229 * um**2,
,Ee,Ee_GLOBAL,
,Ei,Ei_GLOBAL,
,tau_e,tau_e_GLOBAL,
,tau_i,tau_i_GLOBAL,
,scaling_nmda,scaling_nmda_GLOBAL,
,scaling_gabab,scaling_gabab_GLOBAL,
,E_nmda,E_nmda_GLOBAL,
,E_gabab,E_gabab_GLOBAL,
,tau_decay_nmda,tau_decay_nmda_GLOBAL,
,tau_decay_gabab,tau_decay_gabab_GLOBAL,
,tau_rise_nmda,tau_rise_nmda_GLOBAL,
,tau_rise_gabab,tau_rise_gabab_GLOBAL,
,tonic_current,tonic_depol_level * rheobase,
,tau_tonic_rampup,50 * ms,
,V_init_min,EL,
,V_init_max,VT,
L4_PC,Cm,1.0 * ufarad*cm**-2,
,Ra,"[100,100,150,150,150] * Mohm",
,spine_factor,2,
,gL,4.2e-05 * siemens*cm**-2,
,EL,-72.65804 * mV,
,Vcut,20 * mV,
,VT,-55.7511171965 * mV,
,DeltaT,2 * mV,
,V_res,-63.6646781802 * mV,
,rheobase,135.5 * pA,
,Area_tot_pyram,16310.8369861241 * um**2,
,fract_areas,"{2: array([0.56, 0.051, 0.17, 0.22, 0.011])}",
,Ee,Ee_GLOBAL,
,Ei,Ei_GLOBAL,
,tau_e,tau_e_GLOBAL,
,tau_i,tau_i_GLOBAL,
,scaling_nmda,scaling_nmda_GLOBAL,
,scaling_gabab,scaling_gabab_GLOBAL,
,E_nmda,E_nmda_GLOBAL,
,E_gabab,E_gabab_GLOBAL,
,tau_decay_nmda,tau_decay_nmda_GLOBAL,
,tau_decay_gabab,tau_decay_gabab_GLOBAL,
,tau_rise_nmda,tau_rise_nmda_GLOBAL,
,tau_rise_gabab,tau_rise_gabab_GLOBAL,
,tonic_current,tonic_depol_level * rheobase,
,tau_tonic_rampup,50 * ms,
,V_init_min,EL,
,V_init_max,VT,
L23_ChC,C,65.1578859543 * pF,
,gL,2.0262119293 * nS,
,taum_soma,C/gL,
,EL,-71.4338816393 * mV,
,Vcut,20 * mV,
,VT,-53.1649723792 * mV,
,DeltaT,2 * mV,
,V_res,-72.9886170941 * mV,
,rheobase,33.5 * pA,
,Area_tot_pyram,7336.21054231 * um**2,
,Ee,Ee_GLOBAL,
,Ei,Ei_GLOBAL,
,tau_e,tau_e_GLOBAL,
,tau_i,tau_i_GLOBAL,
,scaling_nmda,scaling_nmda_GLOBAL,
,scaling_gabab,scaling_gabab_GLOBAL,
,E_nmda,E_nmda_GLOBAL,
,E_gabab,E_gabab_GLOBAL,
,tau_decay_nmda,tau_decay_nmda_GLOBAL,
,tau_decay_gabab,tau_decay_gabab_GLOBAL,
,tau_rise_nmda,tau_rise_nmda_GLOBAL,
,tau_rise_gabab,tau_rise_gabab_GLOBAL,
,tonic_current,tonic_depol_level * rheobase,
,tau_tonic_rampup,50 * ms,
,V_init_min,EL,
,V_init_max,VT,
L6_SBC,C,63.1272141083 * pF,
,gL,2.059302213 * nS,
,taum_soma,C/gL,
,EL,-71.4713020896 * mV,
,Vcut,20 * mV,
,VT,-52.7442397271 * mV,
,DeltaT,2 * mV,
,V_res,-70.3548065905 * mV,
,rheobase,35.0 * pA,
,Area_tot_pyram,7487.51191183 * um**2,
,Ee,Ee_GLOBAL,
,Ei,Ei_GLOBAL,
,tau_e,tau_e_GLOBAL,
,tau_i,tau_i_GLOBAL,
,scaling_nmda,scaling_nmda_GLOBAL,
,scaling_gabab,scaling_gabab_GLOBAL,
,E_nmda,E_nmda_GLOBAL,
,E_gabab,E_gabab_GLOBAL,
,tau_decay_nmda,tau_decay_nmda_GLOBAL,
,tau_decay_gabab,tau_decay_gabab_GLOBAL,
,tau_rise_nmda,tau_rise_nmda_GLOBAL,
,tau_rise_gabab,tau_rise_gabab_GLOBAL,
,tonic_current,tonic_depol_level * rheobase,
,tau_tonic_rampup,50 * ms,
,V_init_min,EL,
,V_init_max,VT,
L6_IPC,Cm,1.0 * ufarad*cm**-2,
,Ra,"[100,100,150,150,150] * Mohm",
,spine_factor,2,
,gL,4.2e-05 * siemens*cm**-2,
,EL,-72.40294 * mV,
,Vcut,20 * mV,
,VT,-51.511539264 * mV,
,DeltaT,2 * mV,
,V_res,-60.1706182422 * mV,
,rheobase,121.5 * pA,
,Area_tot_pyram,11585.1144924824 * um**2,
,fract_areas,"{0: array([0.60, 0.047, 0.35])}",
,Ee,Ee_GLOBAL,
,Ei,Ei_GLOBAL,
,tau_e,tau_e_GLOBAL,
,tau_i,tau_i_GLOBAL,
,scaling_nmda,scaling_nmda_GLOBAL,
,scaling_gabab,scaling_gabab_GLOBAL,
,E_nmda,E_nmda_GLOBAL,
,E_gabab,E_gabab_GLOBAL,
,tau_decay_nmda,tau_decay_nmda_GLOBAL,
,tau_decay_gabab,tau_decay_gabab_GLOBAL,
,tau_rise_nmda,tau_rise_nmda_GLOBAL,
,tau_rise_gabab,tau_rise_gabab_GLOBAL,
,tonic_current,tonic_depol_level * rheobase,
,tau_tonic_rampup,50 * ms,
,V_init_min,EL,
,V_init_max,VT,
L6_MC,C,77.0389082582 * pF,
,gL,3.4302446812 * nS,
,taum_soma,C/gL,
,EL,-72.1534795833 * mV,
,Vcut,20 * mV,
,VT,-53.8465513752 * mV,
,DeltaT,2 * mV,
,V_res,-72.6656853122 * mV,
,rheobase,56.5 * pA,
,Area_tot_pyram,10432.2087889 * um**2,
,Ee,Ee_GLOBAL,
,Ei,Ei_GLOBAL,
,tau_e,tau_e_GLOBAL,
,tau_i,tau_i_GLOBAL,
,scaling_nmda,scaling_nmda_GLOBAL,
,scaling_gabab,scaling_gabab_GLOBAL,
,E_nmda,E_nmda_GLOBAL,
,E_gabab,E_gabab_GLOBAL,
,tau_decay_nmda,tau_decay_nmda_GLOBAL,
,tau_decay_gabab,tau_decay_gabab_GLOBAL,
,tau_rise_nmda,tau_rise_nmda_GLOBAL,
,tau_rise_gabab,tau_rise_gabab_GLOBAL,
,tonic_current,tonic_depol_level * rheobase,
,tau_tonic_rampup,50 * ms,
,V_init_min,EL,
,V_init_max,VT,
L6_UTPC,Cm,1.0 * ufarad*cm**-2,
,Ra,"[100,100,150,150,150] * Mohm",
,spine_factor,2,
,gL,4.2e-05 * siemens*cm**-2,
,EL,-72.61346 * mV,
,Vcut,20 * mV,
,VT,-50.7130581144 * mV,
,DeltaT,2 * mV,
,V_res,-60.1786650029 * mV,
,rheobase,133 * pA,
,Area_tot_pyram,13441.2789076879 * um**2,
,fract_areas,"{2: array([0.47, 0.048, 0.26, 0.21,0.015])}",
,Ee,Ee_GLOBAL,
,Ei,Ei_GLOBAL,
,tau_e,tau_e_GLOBAL,
,tau_i,tau_i_GLOBAL,
,scaling_nmda,scaling_nmda_GLOBAL,
,scaling_gabab,scaling_gabab_GLOBAL,
,E_nmda,E_nmda_GLOBAL,
,E_gabab,E_gabab_GLOBAL,
,tau_decay_nmda,tau_decay_nmda_GLOBAL,
,tau_decay_gabab,tau_decay_gabab_GLOBAL,
,tau_rise_nmda,tau_rise_nmda_GLOBAL,
,tau_rise_gabab,tau_rise_gabab_GLOBAL,
,tonic_current,tonic_depol_level * rheobase,
,tau_tonic_rampup,50 * ms,
,V_init_min,EL,
,V_init_max,VT,
L5_TTPC1,Cm,1.0 * ufarad*cm**-2,
,Ra,"[100,100,150,150,150] * Mohm",
,spine_factor,2,
,gL,4.2e-05 * siemens*cm**-2,
,EL,-71.23056 * mV,
,Vcut,20 * mV,
,VT,-52.7295574536 * mV,
,DeltaT,2 * mV,
,V_res,-62.6375252002 * mV,
,rheobase,229.5 * pA,
,Area_tot_pyram,46205.7223999002 * um**2,
,fract_areas,"{3: array([0.39, 0.034, 0.24, 0.063, 0.21, 0.061])}",
,Ee,Ee_GLOBAL,
,Ei,Ei_GLOBAL,
,tau_e,tau_e_GLOBAL,
,tau_i,tau_i_GLOBAL,
,scaling_nmda,scaling_nmda_GLOBAL,
,scaling_gabab,scaling_gabab_GLOBAL,
,E_nmda,E_nmda_GLOBAL,
,E_gabab,E_gabab_GLOBAL,
,tau_decay_nmda,tau_decay_nmda_GLOBAL,
,tau_decay_gabab,tau_decay_gabab_GLOBAL,
,tau_rise_nmda,tau_rise_nmda_GLOBAL,
,tau_rise_gabab,tau_rise_gabab_GLOBAL,
,tonic_current,tonic_depol_level * rheobase,
,tau_tonic_rampup,50 * ms,
,V_init_min,EL,
,V_init_max,VT,
L1_NGCDA,C,32.2198722537 * pF,
,gL,1.4494663569 * nS,
,taum_soma,C/gL,
,EL,-70.8235888889 * mV,
,Vcut,20 * mV,
,VT,-55.4174748438 * mV,
,DeltaT,2 * mV,
,V_res,-79.368376879 * mV,
,rheobase,19.5 * pA,
,Area_tot_pyram,3639.84402822 * um**2,
,Ee,Ee_GLOBAL,
,Ei,Ei_GLOBAL,
,tau_e,tau_e_GLOBAL,
,tau_i,tau_i_GLOBAL,
,scaling_nmda,scaling_nmda_GLOBAL,
,scaling_gabab,scaling_gabab_GLOBAL,
,E_nmda,E_nmda_GLOBAL,
,E_gabab,E_gabab_GLOBAL,
,tau_decay_nmda,tau_decay_nmda_GLOBAL,
,tau_decay_gabab,tau_decay_gabab_GLOBAL,
,tau_rise_nmda,tau_rise_nmda_GLOBAL,
,tau_rise_gabab,tau_rise_gabab_GLOBAL,
,tonic_current,tonic_depol_level * rheobase,
,tau_tonic_rampup,50 * ms,
,V_init_min,EL,
,V_init_max,VT,
L5_TTPC2,Cm,1.0 * ufarad*cm**-2,
,Ra,"[100,100,150,150,150] * Mohm",
,spine_factor,2,
,gL,4.2e-05 * siemens*cm**-2,
,EL,-70.59802 * mV,
,Vcut,20 * mV,
,VT,-52.3257074115 * mV,
,DeltaT,2 * mV,
,V_res,-63.0811795572 * mV,
,rheobase,225.5 * pA,
,Area_tot_pyram,49381.8651497475 * um**2,
,fract_areas,"{3: array([0.36, 0.041, 0.21, 0.087, 0.21, 0.086])}",
,Ee,Ee_GLOBAL,
,Ei,Ei_GLOBAL,
,tau_e,tau_e_GLOBAL,
,tau_i,tau_i_GLOBAL,
,scaling_nmda,scaling_nmda_GLOBAL,
,scaling_gabab,scaling_gabab_GLOBAL,
,E_nmda,E_nmda_GLOBAL,
,E_gabab,E_gabab_GLOBAL,
,tau_decay_nmda,tau_decay_nmda_GLOBAL,
,tau_decay_gabab,tau_decay_gabab_GLOBAL,
,tau_rise_nmda,tau_rise_nmda_GLOBAL,
,tau_rise_gabab,tau_rise_gabab_GLOBAL,
,tonic_current,tonic_depol_level * rheobase,
,tau_tonic_rampup,50 * ms,
,V_init_min,EL,
,V_init_max,VT,
L6_DBC,C,87.4777801719 * pF,
,gL,4.0405351845 * nS,
,taum_soma,C/gL,
,EL,-72.3738548387 * mV,
,Vcut,20 * mV,
,VT,-55.0724116895 * mV,
,DeltaT,2 * mV,
,V_res,-69.8189855265 * mV,
,rheobase,62.0 * pA,
,Area_tot_pyram,11853.8718925 * um**2,
,Ee,Ee_GLOBAL,
,Ei,Ei_GLOBAL,
,tau_e,tau_e_GLOBAL,
,tau_i,tau_i_GLOBAL,
,scaling_nmda,scaling_nmda_GLOBAL,
,scaling_gabab,scaling_gabab_GLOBAL,
,E_nmda,E_nmda_GLOBAL,
,E_gabab,E_gabab_GLOBAL,
,tau_decay_nmda,tau_decay_nmda_GLOBAL,
,tau_decay_gabab,tau_decay_gabab_GLOBAL,
,tau_rise_nmda,tau_rise_nmda_GLOBAL,
,tau_rise_gabab,tau_rise_gabab_GLOBAL,
,tonic_current,tonic_depol_level * rheobase,
,tau_tonic_rampup,50 * ms,
,V_init_min,EL,
,V_init_max,VT,
L23_DBC,C,46.7146219625 * pF,
,gL,1.339933087 * nS,
,taum_soma,C/gL,
,EL,-71.0336524571 * mV,
,Vcut,20 * mV,
,VT,-55.0128480414 * mV,
,DeltaT,2 * mV,
,V_res,-71.3590444683 * mV,
,rheobase,19.0 * pA,
,Area_tot_pyram,5598.67218778 * um**2,
,Ee,Ee_GLOBAL,
,Ei,Ei_GLOBAL,
,tau_e,tau_e_GLOBAL,
,tau_i,tau_i_GLOBAL,
,scaling_nmda,scaling_nmda_GLOBAL,
,scaling_gabab,scaling_gabab_GLOBAL,
,E_nmda,E_nmda_GLOBAL,
,E_gabab,E_gabab_GLOBAL,
,tau_decay_nmda,tau_decay_nmda_GLOBAL,
,tau_decay_gabab,tau_decay_gabab_GLOBAL,
,tau_rise_nmda,tau_rise_nmda_GLOBAL,
,tau_rise_gabab,tau_rise_gabab_GLOBAL,
,tonic_current,tonic_depol_level * rheobase,
,tau_tonic_rampup,50 * ms,
,V_init_min,EL,
,V_init_max,VT,
L23_BP,C,16.3680115173 * pF,
,gL,0.8197282516 * nS,
,taum_soma,C/gL,
,EL,-73.4184814286 * mV,
,Vcut,20 * mV,
,VT,-55.656144114 * mV,
,DeltaT,2 * mV,
,V_res,-80.3417826168 * mV,
,rheobase,13.0 * pA,
,Area_tot_pyram,1927.96305914 * um**2,
,Ee,Ee_GLOBAL,
,Ei,Ei_GLOBAL,
,tau_e,tau_e_GLOBAL,
,tau_i,tau_i_GLOBAL,
,scaling_nmda,scaling_nmda_GLOBAL,
,scaling_gabab,scaling_gabab_GLOBAL,
,E_nmda,E_nmda_GLOBAL,
,E_gabab,E_gabab_GLOBAL,
,tau_decay_nmda,tau_decay_nmda_GLOBAL,
,tau_decay_gabab,tau_decay_gabab_GLOBAL,
,tau_rise_nmda,tau_rise_nmda_GLOBAL,
,tau_rise_gabab,tau_rise_gabab_GLOBAL,
,tonic_current,tonic_depol_level * rheobase,
,tau_tonic_rampup,50 * ms,
,V_init_min,EL,
,V_init_max,VT,
L5_NBC,C,73.0576811471 * pF,
,gL,3.2726742477 * nS,
,taum_soma,C/gL,
,EL,-72.7241451741 * mV,
,Vcut,20 * mV,
,VT,-54.1115938635 * mV,
,DeltaT,2 * mV,
,V_res,-74.8827191714 * mV,
,rheobase,54.5 * pA,
,Area_tot_pyram,8691.60906525 * um**2,
,Ee,Ee_GLOBAL,
,Ei,Ei_GLOBAL,
,tau_e,tau_e_GLOBAL,
,tau_i,tau_i_GLOBAL,
,scaling_nmda,scaling_nmda_GLOBAL,
,scaling_gabab,scaling_gabab_GLOBAL,
,E_nmda,E_nmda_GLOBAL,
,E_gabab,E_gabab_GLOBAL,
,tau_decay_nmda,tau_decay_nmda_GLOBAL,
,tau_decay_gabab,tau_decay_gabab_GLOBAL,
,tau_rise_nmda,tau_rise_nmda_GLOBAL,
,tau_rise_gabab,tau_rise_gabab_GLOBAL,
,tonic_current,tonic_depol_level * rheobase,
,tau_tonic_rampup,50 * ms,
,V_init_min,EL,
,V_init_max,VT,
L6_NBC,C,76.4765011285 * pF,
,gL,3.4712113392 * nS,
,taum_soma,C/gL,
,EL,-72.9214962626 * mV,
,Vcut,20 * mV,
,VT,-54.8077162597 * mV,
,DeltaT,2 * mV,
,V_res,-74.2072873048 * mV,
,rheobase,56.5 * pA,
,Area_tot_pyram,9053.47522767 * um**2,
,Ee,Ee_GLOBAL,
,Ei,Ei_GLOBAL,
,tau_e,tau_e_GLOBAL,
,tau_i,tau_i_GLOBAL,
,scaling_nmda,scaling_nmda_GLOBAL,
,scaling_gabab,scaling_gabab_GLOBAL,
,E_nmda,E_nmda_GLOBAL,
,E_gabab,E_gabab_GLOBAL,
,tau_decay_nmda,tau_decay_nmda_GLOBAL,
,tau_decay_gabab,tau_decay_gabab_GLOBAL,
,tau_rise_nmda,tau_rise_nmda_GLOBAL,
,tau_rise_gabab,tau_rise_gabab_GLOBAL,
,tonic_current,tonic_depol_level * rheobase,
,tau_tonic_rampup,50 * ms,
,V_init_min,EL,
,V_init_max,VT,
L1_HAC,C,42.7262561488 * pF,
,gL,1.5347822722 * nS,
,taum_soma,C/gL,
,EL,-70.7371606593 * mV,
,Vcut,20 * mV,
,VT,-54.5493956148 * mV,
,DeltaT,2 * mV,
,V_res,-75.6398076225 * mV,
,rheobase,22.0 * pA,
,Area_tot_pyram,4666.88940295 * um**2,
,Ee,Ee_GLOBAL,
,Ei,Ei_GLOBAL,
,tau_e,tau_e_GLOBAL,
,tau_i,tau_i_GLOBAL,
,scaling_nmda,scaling_nmda_GLOBAL,
,scaling_gabab,scaling_gabab_GLOBAL,
,E_nmda,E_nmda_GLOBAL,
,E_gabab,E_gabab_GLOBAL,
,tau_decay_nmda,tau_decay_nmda_GLOBAL,
,tau_decay_gabab,tau_decay_gabab_GLOBAL,
,tau_rise_nmda,tau_rise_nmda_GLOBAL,
,tau_rise_gabab,tau_rise_gabab_GLOBAL,
,tonic_current,tonic_depol_level * rheobase,
,tau_tonic_rampup,50 * ms,
,V_init_min,EL,
,V_init_max,VT,
L23_NGC,C,92.1779592581 * pF,
,gL,2.5033413602 * nS,
,taum_soma,C/gL,
,EL,-69.8745678571 * mV,
,Vcut,20 * mV,
,VT,-54.3906921632 * mV,
,DeltaT,2 * mV,
,V_res,-66.5006537211 * mV,
,rheobase,34.0 * pA,
,Area_tot_pyram,10097.7721638 * um**2,
,Ee,Ee_GLOBAL,
,Ei,Ei_GLOBAL,
,tau_e,tau_e_GLOBAL,
,tau_i,tau_i_GLOBAL,
,scaling_nmda,scaling_nmda_GLOBAL,
,scaling_gabab,scaling_gabab_GLOBAL,
,E_nmda,E_nmda_GLOBAL,
,E_gabab,E_gabab_GLOBAL,
,tau_decay_nmda,tau_decay_nmda_GLOBAL,
,tau_decay_gabab,tau_decay_gabab_GLOBAL,
,tau_rise_nmda,tau_rise_nmda_GLOBAL,
,tau_rise_gabab,tau_rise_gabab_GLOBAL,
,tonic_current,tonic_depol_level * rheobase,
,tau_tonic_rampup,50 * ms,
,V_init_min,EL,
,V_init_max,VT,
L6_BPC,Cm,1.0 * ufarad*cm**-2,
,Ra,"[100,100,150,150,150] * Mohm",
,spine_factor,2,
,gL,4.2e-05 * siemens*cm**-2,
,EL,-69.9269 * mV,
,Vcut,20 * mV,
,VT,-56.0063235963 * mV,
,DeltaT,2 * mV,
,V_res,-72.6434851488 * mV,
,rheobase,112.5 * pA,
,Area_tot_pyram,14624.4339108022 * um**2,
,fract_areas,"{3: array([0.56, 0.050, 0.28, 0.097, 0.018])}",
,Ee,Ee_GLOBAL,
,Ei,Ei_GLOBAL,
,tau_e,tau_e_GLOBAL,
,tau_i,tau_i_GLOBAL,
,scaling_nmda,scaling_nmda_GLOBAL,
,scaling_gabab,scaling_gabab_GLOBAL,
,E_nmda,E_nmda_GLOBAL,
,E_gabab,E_gabab_GLOBAL,
,tau_decay_nmda,tau_decay_nmda_GLOBAL,
,tau_decay_gabab,tau_decay_gabab_GLOBAL,
,tau_rise_nmda,tau_rise_nmda_GLOBAL,
,tau_rise_gabab,tau_rise_gabab_GLOBAL,
,tonic_current,tonic_depol_level * rheobase,
,tau_tonic_rampup,50 * ms,
,V_init_min,EL,
,V_init_max,VT,
L23_MC,C,69.4580720522 * pF,
,gL,1.3562759911 * nS,
,taum_soma,C/gL,
,EL,-71.1819583183 * mV,
,Vcut,20 * mV,
,VT,-55.1193784476 * mV,
,DeltaT,2 * mV,
,V_res,-70.9958834491 * mV,
,rheobase,19.5 * pA,
,Area_tot_pyram,8122.02941909 * um**2,
,Ee,Ee_GLOBAL,
,Ei,Ei_GLOBAL,
,tau_e,tau_e_GLOBAL,
,tau_i,tau_i_GLOBAL,
,scaling_nmda,scaling_nmda_GLOBAL,
,scaling_gabab,scaling_gabab_GLOBAL,
,E_nmda,E_nmda_GLOBAL,
,E_gabab,E_gabab_GLOBAL,
,tau_decay_nmda,tau_decay_nmda_GLOBAL,
,tau_decay_gabab,tau_decay_gabab_GLOBAL,
,tau_rise_nmda,tau_rise_nmda_GLOBAL,
,tau_rise_gabab,tau_rise_gabab_GLOBAL,
,tonic_current,tonic_depol_level * rheobase,
,tau_tonic_rampup,50 * ms,
,V_init_min,EL,
,V_init_max,VT,
L23_BTC,C,75.9717079591 * pF,
,gL,2.1252890888 * nS,
,taum_soma,C/gL,
,EL,-70.6269101923 * mV,
,Vcut,20 * mV,
,VT,-54.8068915668 * mV,
,DeltaT,2 * mV,
,V_res,-71.8425310615 * mV,
,rheobase,29.5 * pA,
,Area_tot_pyram,9080.34156343 * um**2,
,Ee,Ee_GLOBAL,
,Ei,Ei_GLOBAL,
,tau_e,tau_e_GLOBAL,
,tau_i,tau_i_GLOBAL,
,scaling_nmda,scaling_nmda_GLOBAL,
,scaling_gabab,scaling_gabab_GLOBAL,
,E_nmda,E_nmda_GLOBAL,
,E_gabab,E_gabab_GLOBAL,
,tau_decay_nmda,tau_decay_nmda_GLOBAL,
,tau_decay_gabab,tau_decay_gabab_GLOBAL,
,tau_rise_nmda,tau_rise_nmda_GLOBAL,
,tau_rise_gabab,tau_rise_gabab_GLOBAL,
,tonic_current,tonic_depol_level * rheobase,
,tau_tonic_rampup,50 * ms,
,V_init_min,EL,
,V_init_max,VT,
L6_BTC,C,67.4602727127 * pF,
,gL,1.8336104817 * nS,
,taum_soma,C/gL,
,EL,-71.4677451852 * mV,
,Vcut,20 * mV,
,VT,-56.4300377623 * mV,
,DeltaT,2 * mV,
,V_res,-74.3263390396 * mV,
,rheobase,24.5 * pA,
,Area_tot_pyram,8795.99669347 * um**2,
,Ee,Ee_GLOBAL,
,Ei,Ei_GLOBAL,
,tau_e,tau_e_GLOBAL,
,tau_i,tau_i_GLOBAL,
,scaling_nmda,scaling_nmda_GLOBAL,
,scaling_gabab,scaling_gabab_GLOBAL,
,E_nmda,E_nmda_GLOBAL,
,E_gabab,E_gabab_GLOBAL,
,tau_decay_nmda,tau_decay_nmda_GLOBAL,
,tau_decay_gabab,tau_decay_gabab_GLOBAL,
,tau_rise_nmda,tau_rise_nmda_GLOBAL,
,tau_rise_gabab,tau_rise_gabab_GLOBAL,
,tonic_current,tonic_depol_level * rheobase,
,tau_tonic_rampup,50 * ms,
,V_init_min,EL,
,V_init_max,VT,
L6_BP,C,65.2367008062 * pF,
,gL,1.9403254106 * nS,
,taum_soma,C/gL,
,EL,-70.5687431429 * mV,
,Vcut,20 * mV,
,VT,-55.5931743906 * mV,
,DeltaT,2 * mV,
,V_res,-66.5196351191 * mV,
,rheobase,25.5 * pA,
,Area_tot_pyram,7015.90972993 * um**2,
,Ee,Ee_GLOBAL,
,Ei,Ei_GLOBAL,
,tau_e,tau_e_GLOBAL,
,tau_i,tau_i_GLOBAL,
,scaling_nmda,scaling_nmda_GLOBAL,
,scaling_gabab,scaling_gabab_GLOBAL,
,E_nmda,E_nmda_GLOBAL,
,E_gabab,E_gabab_GLOBAL,
,tau_decay_nmda,tau_decay_nmda_GLOBAL,
,tau_decay_gabab,tau_decay_gabab_GLOBAL,
,tau_rise_nmda,tau_rise_nmda_GLOBAL,
,tau_rise_gabab,tau_rise_gabab_GLOBAL,
,tonic_current,tonic_depol_level * rheobase,
,tau_tonic_rampup,50 * ms,
,V_init_min,EL,
,V_init_max,VT,
